[{"_id":"NoDebuff","displayName":"NoDebuff","displayColor":"BLUE","icon":{"type":373,"data":37},"editorItems":[{"id":396,"data":0,"count":64},{"id":393,"data":0,"count":64},{"id":373,"data":16421,"count":1},{"id":373,"data":8259,"count":1},{"id":373,"data":8226,"count":1},null,null,null,null,null,null,null,null,null,null,null,null,null,null,null,null,null,null,null,null,null,null,null],"defaultArmor":[{"id":313,"damage":0,"count":1,"enchants":{"PROTECTION_ENVIRONMENTAL":2,"PROTECTION_FALL":4,"DURABILITY":3}},{"id":312,"damage":0,"count":1,"enchants":{"PROTECTION_ENVIRONMENTAL":2,"DURABILITY":3}},{"id":311,"damage":0,"count":1,"enchants":{"PROTECTION_ENVIRONMENTAL":2,"DURABILITY":3}},{"id":310,"damage":0,"count":1,"enchants":{"PROTECTION_ENVIRONMENTAL":2,"DURABILITY":3}}],"defaultInventory":[{"id":276,"damage":0,"count":1,"enchants":{"DAMAGE_ALL":3,"FIRE_ASPECT":2,"DURABILITY":3}},{"id":368,"data":0,"count":16},{"id":373,"data":8259,"count":1},{"id":373,"data":8226,"count":1},{"id":373,"data":16421,"count":1},{"id":373,"data":16421,"count":1},{"id":373,"data":16421,"count":1},{"id":373,"data":16421,"count":1},{"id":364,"data":0,"count":64},{"id":373,"data":16421,"count":1},{"id":373,"data":16421,"count":1},{"id":373,"data":16421,"count":1},{"id":373,"data":16421,"count":1},{"id":373,"data":16421,"count":1},{"id":373,"data":16421,"count":1},{"id":373,"data":16421,"count":1},{"id":373,"data":16421,"count":1},{"id":373,"data":8226,"count":1},{"id":373,"data":16421,"count":1},{"id":373,"data":16421,"count":1},{"id":373,"data":16421,"count":1},{"id":373,"data":16421,"count":1},{"id":373,"data":16421,"count":1},{"id":373,"data":16421,"count":1},{"id":373,"data":16421,"count":1},{"id":373,"data":16421,"count":1},{"id":373,"data":8226,"count":1},{"id":373,"data":16421,"count":1},{"id":373,"data":16421,"count":1},{"id":373,"data":16421,"count":1},{"id":373,"data":16421,"count":1},{"id":373,"data":16421,"count":1},{"id":373,"data":16421,"count":1},{"id":373,"data":16421,"count":1},{"id":373,"data":16421,"count":1},{"id":373,"data":8226,"count":1}],"editorSpawnAllowed":true,"hidden":false,"healingMethod":"POTIONS","buildingAllowed":false,"healthShown":false,"hardcoreHealing":false,"pearlDamage":true,"sort":1,"supportsRanked":true},{"_id":"Debuff","displayName":"Debuff","displayColor":"BLUE","icon":{"type":373,"data":68},"editorItems":[{"id":396,"data":0,"count":64},{"id":393,"data":0,"count":64},{"id":373,"data":16421,"count":1},{"id":373,"data":16388,"count":1},{"id":373,"data":16426,"count":1},null,null,null,null,null,null,null,null,null,null,null,null,null,null,null,null,null,null,null,null,null,null,null],"defaultArmor":[{"id":313,"damage":0,"count":1,"enchants":{"PROTECTION_ENVIRONMENTAL":2,"PROTECTION_FALL":4,"DURABILITY":3}},{"id":312,"damage":0,"count":1,"enchants":{"PROTECTION_ENVIRONMENTAL":2,"DURABILITY":3}},{"id":311,"damage":0,"count":1,"enchants":{"PROTECTION_ENVIRONMENTAL":2,"DURABILITY":3}},{"id":310,"damage":0,"count":1,"enchants":{"PROTECTION_ENVIRONMENTAL":2,"DURABILITY":3}}],"defaultInventory":[{"id":276,"damage":0,"count":1,"enchants":{"DAMAGE_ALL":3,"FIRE_ASPECT":2,"DURABILITY":3}},{"id":368,"data":0,"count":16},{"id":373,"data":8259,"count":1},{"id":373,"data":8226,"count":1},{"id":373,"data":16421,"count":1},{"id":373,"data":16421,"count":1},{"id":373,"data":16421,"count":1},{"id":373,"data":16421,"count":1},{"id":364,"data":0,"count":64},{"id":373,"data":16421,"count":1},{"id":373,"data":16421,"count":1},{"id":373,"data":16421,"count":1},{"id":373,"data":16421,"count":1},{"id":373,"data":16421,"count":1},{"id":373,"data":16421,"count":1},{"id":373,"data":16421,"count":1},{"id":373,"data":16421,"count":1},{"id":373,"data":8226,"count":1},{"id":373,"data":16426,"count":1},{"id":373,"data":16388,"count":1},{"id":373,"data":16421,"count":1},{"id":373,"data":16421,"count":1},{"id":373,"data":16421,"count":1},{"id":373,"data":16421,"count":1},{"id":373,"data":16421,"count":1},{"id":373,"data":16421,"count":1},{"id":373,"data":8226,"count":1},{"id":373,"data":16426,"count":1},{"id":373,"data":16388,"count":1},{"id":373,"data":16421,"count":1},{"id":373,"data":16421,"count":1},{"id":373,"data":16421,"count":1},{"id":373,"data":16421,"count":1},{"id":373,"data":16421,"count":1},{"id":373,"data":16421,"count":1},{"id":373,"data":8226,"count":1}],"editorSpawnAllowed":true,"hidden":false,"healingMethod":"POTIONS","buildingAllowed":false,"healthShown":false,"hardcoreHealing":false,"pearlDamage":true,"sort":2,"supportsRanked":true},{"_id":"BUILDUHC","displayName":"BuildUHC","displayColor":"BLUE","icon":{"type":327,"data":0},"editorItems":[null,null,null,null,null,null,null,null,null,null,null,null,null,null,null,null,null,null,null,null,null,null,null,null,null,null,null,null],"defaultArmor":[{"id":313,"damage":0,"count":1,"enchants":{"PROTECTION_PROJECTILE":2}},{"id":312,"damage":0,"count":1,"enchants":{"PROTECTION_ENVIRONMENTAL":2}},{"id":311,"damage":0,"count":1,"enchants":{"PROTECTION_ENVIRONMENTAL":2}},{"id":310,"damage":0,"count":1,"enchants":{"PROTECTION_PROJECTILE":2}}],"defaultInventory":[{"id":276,"damage":0,"count":1,"enchants":{"DAMAGE_ALL":2}},{"id":261,"damage":0,"count":1,"enchants":{"ARROW_DAMAGE":2}},{"id":346,"damage":0,"count":1},{"id":322,"data":0,"count":6},{"id":322,"data":0,"count":3,"name":"§6§lGolden Head"},{"id":326,"data":0,"count":1},{"id":327,"data":0,"count":1},{"id":5,"data":0,"count":64},{"id":364,"data":0,"count":64},{"id":262,"data":0,"count":32},null,null,null,null,null,null,null,null,null,null,null,null,null,null,null,null,{"id":279,"damage":0,"count":1},null,null,null,null,null,{"id":326,"data":0,"count":1},{"id":327,"data":0,"count":1},{"id":4,"data":0,"count":64},{"id":278,"damage":0,"count":1}],"editorSpawnAllowed":true,"hidden":false,"healingMethod":"POTIONS","buildingAllowed":true,"healthShown":true,"hardcoreHealing":true,"pearlDamage":true,"sort":3,"supportsRanked":true},{"_id":"Gapple","displayName":"Gapple","displayColor":"BLUE","icon":{"type":322,"data":1},"editorItems":[],"defaultArmor":[{"id":313,"damage":0,"count":1,"enchants":{"PROTECTION_ENVIRONMENTAL":4}},{"id":312,"damage":0,"count":1,"enchants":{"PROTECTION_ENVIRONMENTAL":4}},{"id":311,"damage":0,"count":1,"enchants":{"PROTECTION_ENVIRONMENTAL":4}},{"id":310,"damage":0,"count":1,"enchants":{"PROTECTION_ENVIRONMENTAL":4}}],"defaultInventory":[{"id":276,"damage":0,"count":1,"enchants":{"DAMAGE_ALL":5,"FIRE_ASPECT":2,"DURABILITY":3}},{"id":322,"data":1,"count":64},{"id":310,"damage":0,"count":1,"enchants":{"PROTECTION_ENVIRONMENTAL":4}},{"id":313,"damage":0,"count":1,"enchants":{"PROTECTION_ENVIRONMENTAL":4}},{"id":312,"damage":0,"count":1,"enchants":{"PROTECTION_ENVIRONMENTAL":4}},{"id":311,"damage":0,"count":1,"enchants":{"PROTECTION_ENVIRONMENTAL":4}},null,{"id":373,"data":8258,"count":1,"potion-effects":[{"id":1,"duration":9600,"amplifier":1,"ambient":false}]},{"id":373,"data":8265,"count":1,"potion-effects":[{"id":5,"duration":9600,"amplifier":2,"ambient":false}]},null,null,null,null,null,null,null,null,null,null,null,null,null,null,null,null,null,null,null,null,null,null,null,null,null,null,null],"editorSpawnAllowed":true,"hidden":false,"healingMethod":"POTIONS","buildingAllowed":false,"healthShown":false,"hardcoreHealing":false,"pearlDamage":true,"sort":4,"supportsRanked":true},{"_id":"SG","displayName":"SG","displayColor":"BLUE","icon":{"type":346,"data":0},"editorItems":[null,null,null,null,null,null,null,null,null,null,null,null,null,null,null,null,null,null,null,null,null,null,null,null,null,null,null,null],"defaultArmor":[{"id":301,"damage":0,"count":1},{"id":308,"damage":0,"count":1},{"id":303,"damage":0,"count":1},{"id":314,"damage":0,"count":1}],"defaultInventory":[{"id":272,"damage":0,"count":1},{"id":259,"damage":61,"count":1},{"id":346,"damage":0,"count":1},{"id":261,"damage":0,"count":1},{"id":297,"data":0,"count":1},{"id":322,"data":0,"count":1},{"id":400,"data":0,"count":4},{"id":360,"data":0,"count":2},{"id":396,"data":0,"count":1},{"id":262,"data":0,"count":8},null,null,null,null,null,null,null,null,null,null,null,null,null,null,null,null,null,null,null,null,null,null,null,null,null,null],"editorSpawnAllowed":true,"hidden":false,"healingMethod":"POTIONS","buildingAllowed":true,"healthShown":true,"hardcoreHealing":false,"pearlDamage":true,"sort":4,"supportsRanked":false},{"_id":"FinalUHC","displayName":"FinalUHC","displayColor":"BLUE","icon":{"type":311,"data":0},"editorItems":[null,null,null,null,null,null,null,null,null,null,null,null,null,null,null,null,null,null,null,null,null,null,null,null,null,null,null,null],"defaultArmor":[{"id":313,"damage":321,"count":1,"enchants":{"PROTECTION_ENVIRONMENTAL":2}},{"id":312,"damage":383,"count":1,"enchants":{"PROTECTION_ENVIRONMENTAL":2}},{"id":311,"damage":421,"count":1,"enchants":{"PROTECTION_ENVIRONMENTAL":2}},{"id":310,"damage":262,"count":1,"enchants":{"PROTECTION_ENVIRONMENTAL":2}}],"defaultInventory":[{"id":276,"damage":0,"count":1,"enchants":{"DAMAGE_ALL":2}},{"id":261,"damage":0,"count":1,"enchants":{"ARROW_DAMAGE":2}},{"id":346,"damage":0,"count":1},{"id":322,"data":0,"count":28},{"id":322,"data":0,"count":10,"name":"§6§lGolden Head"},{"id":259,"damage":0,"count":1},{"id":326,"data":0,"count":1},{"id":4,"data":0,"count":64},{"id":4,"data":0,"count":64},{"id":262,"data":0,"count":32},null,null,null,null,null,null,{"id":278,"damage":0,"count":1},{"id":279,"damage":0,"count":1},{"id":310,"damage":0,"count":1},{"id":311,"damage":0,"count":1,"enchants":{"PROTECTION_ENVIRONMENTAL":1}},null,null,null,null,{"id":326,"data":0,"count":1},null,null,{"id":312,"damage":0,"count":1,"enchants":{"PROTECTION_ENVIRONMENTAL":1}},{"id":313,"damage":0,"count":1},{"id":346,"damage":0,"count":1},null,null,null,{"id":326,"data":0,"count":1},{"id":5,"data":0,"count":64},{"id":5,"data":0,"count":64}],"editorSpawnAllowed":true,"hidden":false,"healingMethod":"POTIONS","buildingAllowed":true,"healthShown":true,"hardcoreHealing":true,"pearlDamage":true,"sort":50,"supportsRanked":false},{"_id":"BARD_HCF","displayName":"BARD_HCF","displayColor":"GOLD","icon":{"type":315,"data":0},"editorItems":[null,null,null,null,null,null,null,null,null,null,null,null,null,null,null,null,null,null,null,null,null,null,null,null,null,null,null,null],"defaultArmor":[{"id":317,"damage":0,"count":1,"enchants":{"PROTECTION_ENVIRONMENTAL":2,"PROTECTION_FALL":4,"DURABILITY":3}},{"id":316,"damage":0,"count":1,"enchants":{"PROTECTION_ENVIRONMENTAL":2,"DURABILITY":3}},{"id":315,"damage":0,"count":1,"enchants":{"PROTECTION_ENVIRONMENTAL":2,"DURABILITY":3}},{"id":314,"damage":0,"count":1,"enchants":{"PROTECTION_ENVIRONMENTAL":2,"DURABILITY":3}}],"defaultInventory":[{"id":276,"damage":0,"count":1,"enchants":{"DAMAGE_ALL":2,"FIRE_ASPECT":2,"DURABILITY":3}},{"id":368,"data":0,"count":16},{"id":353,"data":0,"count":64},{"id":377,"data":0,"count":64},{"id":370,"data":0,"count":64},{"id":265,"data":0,"count":64},{"id":373,"data":8259,"count":1},{"id":373,"data":16421,"count":1},{"id":364,"data":0,"count":64},{"id":373,"data":16421,"count":1},{"id":373,"data":16421,"count":1},{"id":373,"data":16421,"count":1},{"id":373,"data":16421,"count":1},{"id":373,"data":16421,"count":1},{"id":373,"data":16421,"count":1},{"id":373,"data":16421,"count":1},{"id":373,"data":16421,"count":1},{"id":373,"data":16421,"count":1},{"id":288,"data":0,"count":64},{"id":373,"data":16421,"count":1},{"id":373,"data":16421,"count":1},{"id":373,"data":16421,"count":1},{"id":373,"data":16421,"count":1},{"id":373,"data":16421,"count":1},{"id":373,"data":16421,"count":1},{"id":373,"data":16421,"count":1},{"id":373,"data":16421,"count":1},{"id":378,"data":0,"count":64},{"id":373,"data":16421,"count":1},{"id":373,"data":16421,"count":1},{"id":373,"data":16421,"count":1},{"id":373,"data":16421,"count":1},{"id":373,"data":16421,"count":1},{"id":373,"data":16421,"count":1},{"id":373,"data":16421,"count":1},{"id":373,"data":16421,"count":1}],"editorSpawnAllowed":false,"hidden":true,"healingMethod":"POTIONS","buildingAllowed":false,"healthShown":false,"hardcoreHealing":false,"pearlDamage":true,"sort":50,"supportsRanked":false},{"_id":"Archer","displayName":"Archer","displayColor":"BLUE","icon":{"type":261,"data":0},"editorItems":[null,null,null,null,null,null,null,null,null,null,null,null,null,null,null,null,null,null,null,null,null,null,null,null,null,null,null,null],"defaultArmor":[{"id":301,"damage":0,"count":1},{"id":300,"damage":0,"count":1},{"id":299,"damage":0,"count":1},{"id":298,"damage":0,"count":1}],"defaultInventory":[{"id":261,"damage":0,"count":1,"enchants":{"ARROW_INFINITE":1}},{"id":322,"data":0,"count":8},null,null,null,null,null,null,{"id":270,"damage":0,"count":1},null,null,null,null,null,null,null,null,{"id":262,"data":0,"count":1},null,null,null,null,null,null,null,null,null,null,null,null,null,null,null,null,null,null],"editorSpawnAllowed":true,"hidden":false,"healingMethod":"POTIONS","buildingAllowed":false,"healthShown":true,"hardcoreHealing":false,"pearlDamage":true,"sort":50,"supportsRanked":false},{"_id":"DIAMOND_HCF","displayName":"DIAMOND_HCF","displayColor":"GOLD","icon":{"type":311,"data":0},"editorItems":[null,null,null,null,null,null,null,null,null,null,null,null,null,null,null,null,null,null,null,null,null,null,null,null,null,null,null,null],"defaultArmor":[{"id":313,"damage":0,"count":1,"enchants":{"PROTECTION_ENVIRONMENTAL":2,"PROTECTION_FALL":4,"DURABILITY":3}},{"id":312,"damage":0,"count":1,"enchants":{"PROTECTION_ENVIRONMENTAL":2,"DURABILITY":3}},{"id":311,"damage":0,"count":1,"enchants":{"PROTECTION_ENVIRONMENTAL":2,"DURABILITY":3}},{"id":310,"damage":0,"count":1,"enchants":{"PROTECTION_ENVIRONMENTAL":2,"DURABILITY":3}}],"defaultInventory":[{"id":276,"damage":0,"count":1,"enchants":{"DAMAGE_ALL":2,"FIRE_ASPECT":2,"DURABILITY":3}},{"id":368,"data":0,"count":16},{"id":373,"data":8259,"count":1},{"id":373,"data":8226,"count":1},{"id":373,"data":16421,"count":1},{"id":373,"data":16421,"count":1},{"id":373,"data":16421,"count":1},{"id":373,"data":16421,"count":1},{"id":364,"data":0,"count":64},{"id":373,"data":16421,"count":1},{"id":373,"data":16421,"count":1},{"id":373,"data":16421,"count":1},{"id":373,"data":16421,"count":1},{"id":373,"data":16421,"count":1},{"id":373,"data":16421,"count":1},{"id":373,"data":16421,"count":1},{"id":373,"data":16421,"count":1},{"id":373,"data":8226,"count":1},{"id":373,"data":16421,"count":1},{"id":373,"data":16421,"count":1},{"id":373,"data":16421,"count":1},{"id":373,"data":16421,"count":1},{"id":373,"data":16421,"count":1},{"id":373,"data":16421,"count":1},{"id":373,"data":16421,"count":1},{"id":373,"data":16421,"count":1},{"id":373,"data":8226,"count":1},{"id":373,"data":16421,"count":1},{"id":373,"data":16421,"count":1},{"id":373,"data":16421,"count":1},{"id":373,"data":16421,"count":1},{"id":373,"data":16421,"count":1},{"id":373,"data":16421,"count":1},{"id":373,"data":16421,"count":1},{"id":373,"data":16421,"count":1},{"id":373,"data":8226,"count":1}],"editorSpawnAllowed":false,"hidden":true,"healingMethod":"POTIONS","buildingAllowed":false,"healthShown":false,"hardcoreHealing":false,"pearlDamage":true,"sort":50,"supportsRanked":false},{"_id":"ARCHER_HCF","displayName":"ARCHER_HCF","displayColor":"GOLD","icon":{"type":299,"data":0},"editorItems":[null,null,null,null,null,null,null,null,null,null,null,null,null,null,null,null,null,null,null,null,null,null,null,null,null,null,null,null],"defaultArmor":[{"id":301,"damage":0,"count":1,"color":10511680,"enchants":{"PROTECTION_ENVIRONMENTAL":2,"PROTECTION_FALL":4,"DURABILITY":3}},{"id":300,"damage":0,"count":1,"color":10511680,"enchants":{"PROTECTION_ENVIRONMENTAL":2,"DURABILITY":3}},{"id":299,"damage":0,"count":1,"color":10511680,"enchants":{"PROTECTION_ENVIRONMENTAL":2,"DURABILITY":3}},{"id":298,"damage":0,"count":1,"color":10511680,"enchants":{"PROTECTION_ENVIRONMENTAL":2,"DURABILITY":3}}],"defaultInventory":[{"id":276,"damage":0,"count":1,"enchants":{"DAMAGE_ALL":2,"FIRE_ASPECT":2,"DURABILITY":3}},{"id":368,"data":0,"count":16},{"id":261,"damage":0,"count":1,"enchants":{"ARROW_DAMAGE":4,"DURABILITY":3,"ARROW_FIRE":1,"ARROW_INFINITE":1}},{"id":373,"data":8259,"count":1},{"id":373,"data":16421,"count":1},{"id":373,"data":16421,"count":1},{"id":373,"data":16421,"count":1},{"id":353,"data":0,"count":64},{"id":364,"data":0,"count":64},{"id":262,"data":0,"count":1},{"id":373,"data":16421,"count":1},{"id":373,"data":16421,"count":1},{"id":373,"data":16421,"count":1},{"id":373,"data":16421,"count":1},{"id":373,"data":16421,"count":1},{"id":373,"data":16421,"count":1},{"id":373,"data":16421,"count":1},{"id":373,"data":16421,"count":1},{"id":288,"data":0,"count":64},{"id":373,"data":16421,"count":1},{"id":373,"data":16421,"count":1},{"id":373,"data":16421,"count":1},{"id":373,"data":16421,"count":1},{"id":373,"data":16421,"count":1},{"id":373,"data":16421,"count":1},{"id":373,"data":16421,"count":1},{"id":373,"data":16421,"count":1},{"id":373,"data":16421,"count":1},{"id":373,"data":16421,"count":1},{"id":373,"data":16421,"count":1},{"id":373,"data":16421,"count":1},{"id":373,"data":16421,"count":1},{"id":373,"data":16421,"count":1},{"id":373,"data":16421,"count":1},{"id":373,"data":16421,"count":1},{"id":373,"data":16421,"count":1}],"editorSpawnAllowed":false,"hidden":true,"healingMethod":"POTIONS","buildingAllowed":false,"healthShown":false,"hardcoreHealing":false,"pearlDamage":true,"sort":50,"supportsRanked":false},{"_id":"Soup","displayName":"Soup","displayColor":"BLUE","icon":{"type":282,"data":0},"editorItems":[null,null,null,null,null,null,null,null,null,null,null,null,null,null,null,null,null,null,null,null,null,null,null,null,null,null,null,null],"defaultArmor":[{"id":309,"damage":0,"count":1},{"id":308,"damage":0,"count":1},{"id":307,"damage":0,"count":1},{"id":306,"damage":0,"count":1}],"defaultInventory":[{"id":267,"damage":0,"count":1,"enchants":{"DURABILITY":3}},{"id":373,"data":8226,"count":1},{"id":282,"data":0,"count":1},{"id":282,"data":0,"count":1},{"id":282,"data":0,"count":1},{"id":282,"data":0,"count":1},{"id":282,"data":0,"count":1},{"id":282,"data":0,"count":1},{"id":282,"data":0,"count":1},{"id":282,"data":0,"count":1},{"id":282,"data":0,"count":1},{"id":282,"data":0,"count":1},{"id":282,"data":0,"count":1},{"id":282,"data":0,"count":1},{"id":282,"data":0,"count":1},{"id":282,"data":0,"count":1},{"id":282,"data":0,"count":1},{"id":282,"data":0,"count":1},{"id":373,"data":8226,"count":1},{"id":282,"data":0,"count":1},{"id":282,"data":0,"count":1},{"id":282,"data":0,"count":1},{"id":282,"data":0,"count":1},{"id":282,"data":0,"count":1},{"id":282,"data":0,"count":1},{"id":282,"data":0,"count":1},{"id":282,"data":0,"count":1},{"id":373,"data":8226,"count":1},{"id":282,"data":0,"count":1},{"id":282,"data":0,"count":1},{"id":282,"data":0,"count":1},{"id":282,"data":0,"count":1},{"id":282,"data":0,"count":1},{"id":282,"data":0,"count":1},{"id":282,"data":0,"count":1},{"id":282,"data":0,"count":1}],"editorSpawnAllowed":true,"hidden":false,"healingMethod":"SOUP","buildingAllowed":false,"healthShown":false,"hardcoreHealing":false,"pearlDamage":true,"sort":50,"supportsRanked":true}]