[{"schematic":"Nether","copy":1,"bounds":{"worldName":"world","x1":2200,"y1":80,"z1":1300,"x2":2280,"y2":111,"z2":1382},"team1Spawn":{"world":"world","x":2205.5,"y":85.5,"z":1351.5,"yaw":270.0,"pitch":0.0},"team2Spawn":{"world":"world","x":2274.5,"y":85.5,"z":1333.5,"yaw":90.0,"pitch":0.0},"spectatorSpawn":{"world":"world","x":2240.5,"y":97.5,"z":1340.5,"yaw":90.0,"pitch":0.0},"eventSpawns":null},{"schematic":"River","copy":1,"bounds":{"worldName":"world","x1":2500,"y1":80,"z1":1300,"x2":2620,"y2":128,"z2":1410},"team1Spawn":{"world":"world","x":2513.5,"y":103.5,"z":1397.5,"yaw":225.0,"pitch":0.0},"team2Spawn":{"world":"world","x":2602.5,"y":92.5,"z":1318.5,"yaw":45.0,"pitch":0.0},"spectatorSpawn":{"world":"world","x":2568.5,"y":92.5,"z":1349.5,"yaw":225.0,"pitch":0.0},"eventSpawns":null},{"schematic":"End","copy":1,"bounds":{"worldName":"world","x1":3100,"y1":80,"z1":1300,"x2":3202,"y2":119,"z2":1377},"team1Spawn":{"world":"world","x":3116.5,"y":84.5,"z":1334.5,"yaw":270.0,"pitch":0.0},"team2Spawn":{"world":"world","x":3180.5,"y":84.5,"z":1332.5,"yaw":90.0,"pitch":0.0},"spectatorSpawn":{"world":"world","x":3148.5,"y":84.5,"z":1337.5,"yaw":270.0,"pitch":0.0},"eventSpawns":null},{"schematic":"Pokemon","copy":1,"bounds":{"worldName":"world","x1":1600,"y1":80,"z1":1300,"x2":1762,"y2":218,"z2":1435},"team1Spawn":{"world":"world","x":1639.5,"y":130.5,"z":1372.5,"yaw":270.0,"pitch":0.0},"team2Spawn":{"world":"world","x":1725.5,"y":130.5,"z":1372.5,"yaw":90.0,"pitch":0.0},"spectatorSpawn":{"world":"world","x":1682.5,"y":126.5,"z":1372.5,"yaw":90.0,"pitch":0.0},"eventSpawns":null},{"schematic":"Colosseum","copy":1,"bounds":{"worldName":"world","x1":3400,"y1":80,"z1":1300,"x2":3451,"y2":109,"z2":1371},"team1Spawn":{"world":"world","x":3425.5,"y":90.5,"z":1310.5,"yaw":0.0,"pitch":0.0},"team2Spawn":{"world":"world","x":3425.5,"y":90.5,"z":1360.5,"yaw":180.0,"pitch":0.0},"spectatorSpawn":{"world":"world","x":3425.5,"y":86.5,"z":1335.5,"yaw":0.0,"pitch":0.0},"eventSpawns":null}]