[{"name":"5","enabled":false,"maxPlayerCount":256,"minPlayerCount":2,"supportsRanked":false,"archerOnly":false,"teamFightsOnly":false,"sumoOnly":false,"finalUHCOnly":false,"buildUHCOnly":false,"icon":{"type":339,"data":0},"HCFOnly":false,"eventName":null,"gridIndex":1},{"name":"Colosseum","enabled":true,"maxPlayerCount":256,"minPlayerCount":2,"supportsRanked":true,"archerOnly":false,"teamFightsOnly":false,"sumoOnly":false,"finalUHCOnly":false,"buildUHCOnly":false,"icon":{"type":339,"data":0},"HCFOnly":false,"eventName":null,"gridIndex":8},{"name":"End","enabled":true,"maxPlayerCount":256,"minPlayerCount":2,"supportsRanked":true,"archerOnly":false,"teamFightsOnly":false,"sumoOnly":false,"finalUHCOnly":false,"buildUHCOnly":false,"icon":{"type":339,"data":0},"HCFOnly":false,"eventName":null,"gridIndex":7},{"name":"Nether","enabled":true,"maxPlayerCount":256,"minPlayerCount":2,"supportsRanked":true,"archerOnly":false,"teamFightsOnly":false,"sumoOnly":false,"finalUHCOnly":false,"buildUHCOnly":false,"icon":{"type":339,"data":0},"HCFOnly":false,"eventName":null,"gridIndex":4},{"name":"Pokemon","enabled":true,"maxPlayerCount":256,"minPlayerCount":2,"supportsRanked":true,"archerOnly":false,"teamFightsOnly":false,"sumoOnly":false,"finalUHCOnly":false,"buildUHCOnly":false,"icon":{"type":339,"data":0},"HCFOnly":false,"eventName":null,"gridIndex":2},{"name":"Quartz","enabled":false,"maxPlayerCount":256,"minPlayerCount":2,"supportsRanked":false,"archerOnly":false,"teamFightsOnly":false,"sumoOnly":false,"finalUHCOnly":false,"buildUHCOnly":false,"icon":{"type":339,"data":0},"HCFOnly":false,"eventName":null,"gridIndex":3},{"name":"River","enabled":true,"maxPlayerCount":256,"minPlayerCount":2,"supportsRanked":true,"archerOnly":false,"teamFightsOnly":false,"sumoOnly":false,"finalUHCOnly":false,"buildUHCOnly":false,"icon":{"type":339,"data":0},"HCFOnly":false,"eventName":null,"gridIndex":5},{"name":"plateau","enabled":false,"maxPlayerCount":256,"minPlayerCount":2,"supportsRanked":false,"archerOnly":false,"teamFightsOnly":false,"sumoOnly":false,"finalUHCOnly":false,"buildUHCOnly":false,"icon":{"type":339,"data":0},"HCFOnly":false,"eventName":null,"gridIndex":6}]